Acharya.Anish.7432.jpg Acharya.Anup.7431.jpg Achuoth.Adhieu.7067.jpg Adaligil.Arhan.7822.jpg Almeida.Acacia.7810.jpg Almeida.Caedon.7821.jpg Amper.Micaela.6550.jpg Anand.Kabir.7880.jpg Ancarana.Paul.6149.jpg Ancarana.William.6224.jpg Anderson.Jaidyn.6253.jpg Anderson.Ross.6150.jpg Anoshkin.Yasha.7719.jpg Arzi.Daniela.7813.jpg Arzi.Michele.7812.jpg Ashokraja.Srevignesh.7616.jpg Ashokraja.Varsha.7617.jpg Atlas.Benjamin.7087.jpg Atlas.Sarah.7875.jpg Atlas.Sydney.7105.jpg Avidor.Mia.5994.jpg Balboni.Sam.7770.jpg Balderson.James.7426.jpg Balderson.Tyler.6738.jpg Barr.Danielle.6393.jpg Beauregaurd.Isabelle.7109.jpg Becker.Isabel.6697.jpg Behrens.Kim.6346.jpg Berman.Cole.6744.jpg Berszoner.Charlie.5427.jpg Bhanote.Krishan.6815.jpg Birchs.Spencer.5340.jpg Blackett-Thomas.Erica.7078.jpg Blackett-Thomas.Jess.7079.jpg Blackett-Thomas.Nate.7080.jpg Blackett.Christine.7081.jpg Blackwell.David.7710.jpg Blau.Elyse.6467.jpg Bogan.Bobbie-Jo.7546.jpg Bogan.Meghan.7424.jpg Bollen.Leib.6905.jpg Bollen.Mendy.6906.jpg Bombino.Steven.5341.jpg Booma.Michael.6568.jpg Bordeaux.Ethan.7086.jpg Bost.Cooper.6861.jpg Bost.Ethan.6226.jpg Bosworth.Jake.7997.jpg Boyce.Olivia.7878.jpg Bradford.Jake.7504.jpg Bradford.Jakob.6151.jpg Braun.Aidan.6108.jpg Bravin.Alyssa.5342.jpg Brownridge.Landon.6636.jpg Brudz.Jake.7302.jpg Bulat.Cameron.7758.jpg Bulat.Logan.7757.jpg Burt.Spencer.6751.jpg Buss.Madison.7827.jpg Campbell.Jack.7981.jpg Carey.Gabriela.5343.jpg Carey.Sophia.5345.jpg Carley.James.5346.jpg Carolan.Quinn.5426.jpg Carter.Mary.5347.jpg Casasola.Michael.6240.jpg Chauhan.Krishan.5348.jpg Chhabra.Anish.7245.jpg Chtykova.Irina.6820.jpg Churchill.Brandon.7773.jpg Churchill.Nathan.7774.jpg Churchill.Ryan.7772.jpg Clifford.Michael.7052.jpg Clifford.Nicholas.7051.jpg Clune.Alyssa.5350.jpg Clune.Brendan.5351.jpg Clune.Mike.5352.jpg Clune.Sophia.5353.jpg Cohen.Allison.6347.jpg Colby.Charlie.7305.jpg Colby.Emma.7306.jpg Coll.Brandon.6152.jpg Coll.Michael.6153.jpg Collins.Matthew.5355.jpg Collins.Michael.5356.jpg Conwell.Allison.6676.jpg Conwell.Nik.7160.jpg Cracraft.Alex.7721.jpg Crimmins.Ian.6681.jpg Cubell.Sawyer.7667.jpg Cuddy.Jack.6818.jpg Cunningham.Liam.6825.jpg Cunningham.Michael.6572.jpg Curran.Rylan.7458.jpg Curtin.Chris.5360.jpg Curtin.Erin.6154.jpg Curtin.John.6155.jpg Cushing.Caroline.7704.jpg Dalamangas.Sara.6565.jpg Dalzell.Bryce.7066.jpg Dalzell.Payton.5362.jpg Danielson.John.6348.jpg Dann.Keith.6777.jpg Darling.Haylie.6588.jpg Davis.Emerson.7764.jpg Davis.Grace.7158.jpg DeGeorge.Hayden.5363.jpg DeGeorge.Shayla.5364.jpg DeLuca.Stefania.7851.jpg DeSouza.Noah.5365.jpg Dehart.Carver.6515.jpg Dehart.Thomas.6514.jpg DelBono.David.6289.jpg Deliberato.Aiden.7881.jpg Dempsey.Colin.7090.jpg Deng.Rachel.6321.jpg Deng.Shanna.6320.jpg Denty.Eddie.6424.jpg Denty.Phillip.6260.jpg Desouza.Anna-Clara.7350.jpg Desouza.Linda.7157.jpg Deutch.Grant.6908.jpg Deutch.John.6909.jpg Dhavala.Sirisha.7780.jpg DiMarzio.Cory.7509.jpg DiMarzio.Josh.7510.jpg DiPalma.Katie.6392.jpg Dick.Justus.5366.jpg Ditelberg.Steven.7796.jpg Dolecki.Ryan.6856.jpg Dolgoff.Ezra.7790.jpg Donahue.Christian.7145.jpg Donlan.Matthew.7148.jpg Doyle.Aidan.5367.jpg Doyle.Callum.7224.jpg Doyle.Lauren.6693.jpg Doyle.Susan.7440.jpg Drachman.Ari.6252.jpg Drake.Abigail.6332.jpg Drenik.Canyon.6894.jpg Dryland.Amelia.7850.jpg Dubeshter.Brady.7139.jpg Dubeshter.Olivia.7137.jpg Dubesther.Austin.7138.jpg Eastman.Cody.7429.jpg Eckelkamp.Timothy.6821.jpg Egnaczyk.Julian.7932.jpg Elder.Jake.6389.jpg Eldhose.William.7795.jpg Elias.Tristan.7624.jpg Eliot.Desmond.7586.jpg Erickson.Kiyomi.7204.jpg Essex.Orion.6561.jpg Essig.Charlie.5368.jpg Everertt-Wilson.Jim.6050.jpg FB_IMG_1441975375904.jpg Fantoni.Michael.6117.jpg Fantoni.Sophia.6422.jpg Farrar.Krystan.7503.jpg Fennell.Daniel.7061.jpg Fennell.Megan.7060.jpg Fernandez.Nicholas.7775.jpg Ferro.Adriana.7862.jpg Flagg.Elizabeth.6156.jpg Flagg.Jack.6157.jpg Flaherty.Lilly.6425.jpg Flynn.Ava.7826.jpg Fox.Ethan.7869.jpg Fox.Harrison.7870.jpg Freedman.Jacob.7159.jpg Frey.Jason.7797.jpg Frey.Rebecca.7798.jpg Fucci.Barbara.6945.jpg Furlong.Luke.7671.jpg Gagliardi.Jesse.7054.jpg Gagliardi.Tristan.7053.jpg Garlick.Beth.6349.jpg Garmus.Mason.7754.jpg Garmus.Sydney.7755.jpg Garrity.Aidan.6940.jpg Geissler.Isabella.7422.jpg Geissler.Max.7421.jpg Gerrard.Levi.6992.jpg Gigliotti.Alexis.6694.jpg Gigliotti.John.6955.jpg Gigliotti.Samantha.6970.jpg Gilbert.Liam.6078.jpg Gladu.Sheralee.7817.jpg Gogliormella.Nash.7879.jpg Golden.Kyle.5369.jpg Goldenthal.Tess.6269.jpg Goldsmith.Harrison.6158.jpg Goldsmith.Kaiyah.6159.jpg Goldstein.Arnold.6173.jpg Gone.Samhita.7708.jpg Gonin.Mackenzie.7711.jpg Gonzales.Joezann.7763.jpg Gonzalez.Lucas.7936.jpg Gonzalez.Mateo.7935.jpg Gonzalez.Owen.7136.jpg Gonzalez.Sophia.7135.jpg Gonzalez.Thea.7505.jpg Goranson.Christian.6862.jpg Goth.Abigail.6160.jpg Graham.Piper.7352.jpg Graham.Trey.7351.jpg Greene.Ben.6343.jpg Greene.Finn.6344.jpg Greenstein.Ben.7980.jpg Gregorian.Jack.5672.jpg Gregorian.Spenser.6813.jpg Gregory.Lucia.6758.jpg Grigorenko.Nicholas.6262.jpg Grossman.Joshua.7050.jpg Grossman.Rebecca.6824.jpg Grossman.Seth.7098.jpg Grossman.Zachary.6756.jpg Grupposo.David.6941.jpg Guinaraes.Christopher.6113.jpg Guirguis.Nadine.6896.jpg Guirguis.Ramez.6895.jpg Gulla.Daisy.6222.jpg Gumbs.Mosiah.7339.jpg Guttenberger.Zoe.7571.jpg Hall.Emma.5370.jpg Haney.Jadalese.6907.jpg Hardiman.Brian.5371.jpg Hardy.Lisa.5372.jpg Hargraves.Brady.6709.jpg Harris.Mickey.6428.jpg Harvey.Stewart.6485.jpg Harvey.William.7146.jpg Haynes.Ewan.6956.jpg Haynes.Iliana.6930.jpg Higgins.Matthew.5373.jpg Higgins.Michael.5374.jpg Holmes.Caitlin.6863.jpg Hua.Joshua.7070.jpg Huber.Sarah.7501.jpg Hughes.Evelyn.7883.jpg Humphrey.Will.7258.jpg Humphries.Karen.6161.jpg Hunt.Benjamin.7076.jpg Hunt.Maxwell.7075.jpg Hutchinson.Connor.7938.jpg Indresano.Joey.7472.jpg Indresano.Louie.7471.jpg Indresano.Stephen.6707.jpg Iyer.Avyukt.7420.jpg Jackson.Ben.5376.jpg Jackson.Emma.5377.jpg Joannou.Chris.6114.jpg John.Ryan.7794.jpg Johnson.Brian.7542.jpg Johnson.Frank.6868.jpg Johnson.Jacob.7675.jpg Johnson.Sarah.7762.jpg Jones.Peter.6897.jpg Jutkiewicz.StevenTad.6351.jpg Kadirov.Max.7063.jpg Kahn.Drew.6653.jpg Kaltimani.Sanjay.7816.jpg Katz.Evan.7111.jpg Kearney.Timothy.6271.jpg Kelley.Shae.5434.jpg Kennedy.Haley.7771.jpg Kennedy.Roy.5429.jpg Kenney.Enzo.7868.jpg Kenney.Noah.7665.jpg Kim.Samuel.7636.jpg Kinross.John.6472.jpg Kittler.Charles.5378.jpg Knapik.Joey.6355.jpg Knippenstapel.Sarah.7552.jpg Konishi.Yuuki.5379.jpg Korey.Eli.7791.jpg Koval.Noah.5380.jpg Krishnan.Ashwin.7362.jpg Krishnan.Govind.7363.jpg Krueger.Benjamin.5381.jpg Kuragayala.Srivalli.7650.jpg LaBarre.Alicia.5382.jpg LaBonte.Michael.5383.jpg LaCasse.Laurel.6808.jpg LaGreca.Alex.6163.jpg LaGreca.Nicholas.5384.jpg LaRosa.Dylan.7077.jpg Lago.Noah.6689.jpg Laliberte.Julie.5385.jpg Lamoureux.Matt.6755.jpg Lamoureux.Will.6754.jpg Landis.Justin.7094.jpg Landis.Kelsey.7095.jpg Langer.Christian.7759.jpg Langley.Elina.6136.jpg Langley.Ethan.6038.jpg Lanzillotta-White.Toby.6649.jpg Larson-DiPalma.AJ.6534.jpg Larson-Dipalma.Caroline.7615.jpg Laster.Ben.6680.jpg Laybourn.Kaja.7950.jpg Laybourn.Oliver.7949.jpg LeBlanc.Caeden.6145.jpg LeBrun.Ryan.7089.jpg Leblanc.Emma.6122.jpg Ledbetter.Matthew.5781.jpg Lee.Hannah.6498.jpg Lee.Jordynn.7934.jpg Lee.Matthew.6497.jpg Lee.Michael.6567.jpg Lee.Morgan.7933.jpg Lehman.David.5436.jpg Lehman.Mark.6171.jpg Lewandowski.Kathryn.7140.jpg Li.Yun.7885.jpg Lindgren.Sarah.7625.jpg Lindsey.Brandon.6839.jpg Loranger.William.6585.jpg Lovett.Gavin.7849.jpg Lugo.Christopher.6331.jpg Lynch.Christine.6678.jpg MacArthur.Christopher.6688.jpg MacDonnell.Brendan.6513.jpg Mackin.Drew.6784.jpg Maher.Charlie.7069.jpg Maher.Sam.6827.jpg Mahr.Anna.6124.jpg Makharia.Pranaav.7723.jpg Mangino.Anthony.6632.jpg Mangino.Emma.6633.jpg Margil.Matthew.6254.jpg Margulis.Yuriy.7277.jpg Marshall.Katie.6387.jpg Martin.Chase.7712.jpg Martin.Daniel.5589.jpg Martin.Kayla.7653.jpg Martinez.Chad.6462.jpg Martino.Robert.6164.jpg Mauricio.Katheryn.5389.jpg Mauricio.Zachary.5390.jpg Mazzola.Beef.6172.jpg McAuley.Matthew.6352.jpg McCormick.Alex.6138.jpg McCormick.Dennis.7091.jpg McCormick.Max.6044.jpg McCoy-Walker.Daniel.7225.jpg McGarry.Devin.7756.jpg McGarry.Gabriel.7130.jpg McGarry.Tessa.7121.jpg McHale.Bridget.6342.jpg McKenna.Connor.7003.jpg McKenna.Kevin.7004.jpg McKenna.Reilly.7212.jpg McMorris.Stephanie.6447.jpg McStravick.Read.7082.jpg McStravick.Sullivan.7877.jpg Mclaughlin.Sean.5392.jpg Melanson.Doug.6241.jpg Melanson.Marc.6170.jpg Mello.Amanda.6812.jpg Mello.Matthew.6251.jpg Menzi.Ava.6475.jpg Menzi.Lukas.6851.jpg Merlino.Tori.6779.jpg Minagorashvili.Ivan.7048.jpg Mirza.Fahad.6810.jpg Moldover.Charlotte.7427.jpg Moldover.Jacob.5435.jpg Moldover.Nathan.6340.jpg Moldover.Nora.6341.jpg More.Atharva.7702.jpg Morgan.Sean.7651.jpg Morrell.Deborah.6281.jpg Morrell.Tom.6280.jpg Morrison.Emily.6353.jpg Morse.Sam.6922.jpg Moss.Jeff.6566.jpg Moyer.Zoe.7828.jpg Mudundi.Sarayu.7666.jpg Mullins.Kimberly.6165.jpg Musante.Liam.5433.jpg Natarajan.Aditya.7496.jpg Nazarian.Matthew.7917.jpg Nemitz.Henry.5396.jpg Nesbitt.Jay.6166.jpg Neville.Michael.6448.jpg Ngai.Logan.7853.jpg Ngai.Madison.7848.jpg Nichols.Jenny.7781.jpg Nichols.Max.7782.jpg Nolan.Jamie.6946.jpg ONeil.Thomas.6225.jpg Oliveira.Brandson.7778.jpg Oliveira.Harrison.7777.jpg Oliveira.Robson.7776.jpg Opacki.Mary.5398.jpg Pacheco.Justin.6826.jpg Papadopoulos.Sammy.7142.jpg Pendas.Olivia.6129.jpg Pendas.Owen.6130.jpg Perry.Alexandra.6394.jpg Perry.Jordan.6168.jpg Phillips.Brooklyn.6778.jpg Phillips.Colton.6864.jpg Pickering.Noah.6753.jpg Pini.Gabriella.6696.jpg Pini.Matthew.6695.jpg Plant.Lucas.6107.jpg Plant.Sophia.6048.jpg Pochobut.Adam.7495.jpg Popp.David.7188.jpg Poreddy.Mehar.6111.jpg Posner.Samuel.6429.jpg Powers.Conor.5399.jpg Prespolis.Jared.7253.jpg Prespolis.Jason.7502.jpg Rajeev.Atharv.7411.jpg Rajeev.Manasa.5401.jpg Ralston.Sharon.6400.jpg Randall.Blake.6221.jpg Rando.Phineas.7703.jpg Ravi.Anish.6846.jpg Reardon.Emma.6757.jpg Regan.Brian.7855.jpg Regan.Katie.6809.jpg Rego.Logan.7143.jpg Reilly.Kevin.6146.jpg Renneker.Ava.7084.jpg Renneker.Jack.7085.jpg Reza.Yasmeen.7425.jpg Richardson.Doug.5402.jpg Rigoli.Livia.7626.jpg Rish.Rebecca.7402.jpg Rivard.Kathy.5437.jpg Riveros.Oliver.7144.jpg Robinson.Nathaniel.6781.jpg Rodriguez.Peter.7249.jpg Rodriguez.Steve.6423.jpg Rooney.Declan.7942.jpg Rooney.Emily.6780.jpg Rooney.Juliana.7944.jpg Rosen.Joel.6466.jpg Ross.Anthony.6648.jpg Ross.Liam.6391.jpg Roy.Cameron.7793.jpg Roy.Connor.7792.jpg Ruano.Andy.6267.jpg Ryder.Caitlin.6690.jpg Sanderson.Eric.6677.jpg Santospago.Eric.6865.jpg Sassine.Jacob.6258.jpg Scali.David.7801.jpg Scali.Olivia.7800.jpg Schmidt.Hayden.7217.jpg Schoenherr.Marco.6944.jpg Schultz.Olivia.6208.jpg Schultz.Sophia.6207.jpg Sharma.Jyoti.7859.jpg Sharma.Mehek.7092.jpg Sharma.Om.7290.jpg Sharma.Raaya.7941.jpg Sharma.Rohin.7940.jpg Sharma.Rupin.7939.jpg Sharma.Vikram.7093.jpg Sharpe.Kieran.7876.jpg Shaver.Charlie.6686.jpg Shaver.Lucas.6874.jpg Sheehan.Connor.6635.jpg Sheehan.Emma.6634.jpg Shelton.Jack.7498.jpg Shen.Kaya.7543.jpg Shen.Noelle.7544.jpg Shepherd.Garrett.7943.jpg Sherlock.Frank.7814.jpg Sherlock.Hugh.7815.jpg Sherrard.Richard.7545.jpg Shi.Victor.5405.jpg Siddiqui.Noor.7761.jpg Siddiqui.Wali.7760.jpg Silvetti.Jeff.7068.jpg Smart.Joe.6947.jpg Snoeyink.Jacob.5406.jpg Snoeyink.Kayla.7493.jpg Sodickson.Eli.7430.jpg Song.Daniel.6147.jpg Sonneborn.Bennett.6487.jpg Sorber.Anna.5408.jpg Sorber.Eva.6687.jpg Sorber.Owen.5409.jpg Sorensen.Todd.6811.jpg Spector.Jordan.6345.jpg Spiegel.Brooke.6272.jpg Spinazola.Anthony.5410.jpg Spinazola.Joseph.6860.jpg Stern.Simon.7852.jpg Stinson.Tyler.6700.jpg Sugarman.Adam.6859.jpg Sugarman.Jonathan.6858.jpg Sullivan.Brandon.7779.jpg Sullivan.Jack.6311.jpg Sweeney.Thomas.6741.jpg Syrjala.Madeline.7882.jpg Tambascio.Alex.7107.jpg Tang.Ava.7096.jpg Tang.Lucas.6261.jpg Tedesco.Charlotte.6817.jpg Tedesco.Peter.6816.jpg Teneti.Tejas.7783.jpg Tessier.Joseph.5413.jpg Tholl.Jonathan.6040.jpg Thompson.Bob.5432.jpg Thorpe.Jacob.7918.jpg Thorpe.Robbie.7104.jpg Tiberi.Steven.6819.jpg Tikofsky.Jacob.6496.jpg Tilley.Michele.6752.jpg Tobin.Jacob.6776.jpg Tomassini.Gianna.7252.jpg Torres.Trinity.6112.jpg Tracy.Matthew.6430.jpg Tran.Alex.7276.jpg Tran.Nathan.7275.jpg Tumang.Emily.5414.jpg Tumang.Katie.5415.jpg Tutin.Eva.7331.jpg Vadivel.Adithya.7433.jpg Vanderbie.Basil.5416.jpg Vanderbush.Kobe.7340.jpg Varrichione.Joey.6354.jpg Velasquez.Mark.6735.jpg Vickers-Richard.Sebastian.7301.jpg Vuong.Emily.6243.jpg Vuong.Tim.6242.jpg WP_20151111_002.jpg WP_20151111_003.jpg WP_20151111_004.jpg Walsh.Dennis.5417.jpg Walsh.Gabrielle.7914.jpg Walsh.Grace.7913.jpg Webb.Devan.7002.jpg Weddle.Dylan.6390.jpg Weddle.Kristine.7391.jpg Weinberg.Joshua.6203.jpg Weiner.Avi.6201.jpg Weissman.Ron.6388.jpg Whalen.Michael.7823.jpg Whitlark.Laurie.7419.jpg Wiles-Skeels.William.6892.jpg Wong.Stephen.6169.jpg Woo.Brayden.6250.jpg Wright.Will.7854.jpg Wyatt.Pat.5430.jpg Wyner.Ezra.6774.jpg Wynne.Ava.7570.jpg Wynne.Ted.7587.jpg Xie.Simon.7062.jpg Yin.Brian.6148.jpg Zackon.Matthew.6682.jpg Zadra.Louis.6814.jpg Zippel.Lior.5419.jpg Zippel.Nitzan.5420.jpg Zuelke.Elizabeth.5421.jpg Zuelke.Victoria.5422.jpg Zukerman.Ari.6775.jpg Zwelling.Hannah.7709.jpg Zwelling.Naomi.6426.jpg manasa.rajeev.jpg noahbirch.jpg pumpkin.jpg spencerbirch.jpg
